comment,score
this trailer escalates into fucking insanity really quickly,0
This is what Lt Surge saw during the war.,0
"This trailer was a trip. First it's like ""Oh cute Pokemon-style game where you collect monsters and cooperate to survive!"" then like five seconds later you see cute little squirrel creatures in a gritty, industrial assembly line constructing assault rifles",2
This is it. This is Pokemon Gun.,0
"""How many mechanics are we putting in this game?""""All of them.""""All of them?""""Did I stutter?""",0
the scene she uses a cute fluffy pokemon as a living shield then tosses it to the side pretty much sold me,0
"Pocket Pair: makes Pokémon farming simAlso Pocket Pair: ""What if we added war crimes?""",0
Everybody gangsta til pokemon are enslaved to make guns in a factory,0
"I'm from Team Plasma<span class=""yt-core-attributed-string--inline-block-mod"" style=""margin-left: 2px; margin-right: 2px;""><img alt=""™"" class=""ytCoreImageHost yt-core-attributed-string__image-element yt-core-attributed-string__image-element--image-alignment-vertical-center ytCoreImageContentModeScaleToFill ytCoreImageLoaded"" style=""height: 16px; width: 16px;"" src=""./Palworld - Announce Trailer - YouTube_files/emoji_u2122.png"">",0
This is A LOT to process at once oh my god,0
That definitely took a turn,0
This trailer has one of the best tonal shifts I’ve ever seen,1
"“Huh another monster catching game is it-“<span class="""" dir=""auto"" style=""font-weight: 500;"">guns",0
"This is a ""what if Team Rocket won and ruled the world?"" kinda game.",0
This game looks like something a character in an actual game would be playing in the background while you explore a house...Except it's REAL.,1
Finally a Pokemon game set in an America based region :D,0
"I went from ""oh cool another monster raising game"" to laughing uncontrollably at the ridiculous amounts of blatant in your face monster cruelty.",1
No one could have ever conceived 3 years ago that this game would proceed to sell over 25 MILLION COPIES in only a month and honestly this game absolutely earned it by bring so balls to the walls and executing an idea that no other studio had the balls to implement.,-2
"""Give us a realistic pokemon game""Pocket Pair: hold my pokeball",0
"This looks like the type of game some teen would pitch to you. "" I want a game that's like Pokémon but also like Fortnite and if we could do farming like Stardew Valley...oh and also if we could upgrade our base/house like Clash of Clans"".",5
Was not expecting the guns lol,0
"""How much violence against cute creatures can we put in a game?""""Yes.""",0
crazy how different it became,0
So the rumors were true... Pokémon Gun is real.,0
I love this trailer so much because it implies that not only can you be a heroic person but you can also basically be Team Rocket,1
Literally every part with the guns almost feels like it's meant to be a joke,1
Who's here since the release wondering what's coming next now lmao.From meme to dream. Palworld to the moon.,0
First Pokemon game I've been excited for in a decade,0
"Okay, PocketPair. We also want that Fishing, the Direhowl cart, and the flyer cage.",0
"This quickly escalated from ""Oh hey, these cute colorful animal monsters actually have a pretty good design"" to ""wait, why are these crying lantern-tailed squirels manifacturing assault rifles?"" and I... Think I'm gonna keep an eye on this one! Like, a real good one!Also shoutouts to youtube detecting it as pokémon sword and shield",3
"A mash-up of Pokémon, Harvest Moon, Minecraft, Breath of the Wild and Gears of War. I never thought I'd see the day.",0
"absolutely incredible, this looks so morbidly fun, i cant wait to run a pokemon drug ring with my friends",2
“What kind of game is this?”Yes,0
I'm in tears.This is hilarious.I'll buy a copy for sure.,-1
"Judging by the name of the song playing, this version of game, back when it was made in Unity, is called ""Proto-Palworld""",0
this is probably the most ridiculous game idea i've seen in quite a while. this is also amazing at the same time...,0
"This is amazing, who would had thought you can pop an electric type into water and zap fishes.",0
"""You can also sell them off or even slaughter them to eat! That however, is forbidden by law."" Kill and eat your pals :) In the words of the very same steam page later on, ""It's only illegal if you get caught.""",0
This trailer went from cute to fucking insane so quickly in matter of seconds when they showed up the guns.,0
It's cool to see such an early version of the game. It's super different to what we have now while still having the same charm,1
this trailer screams satire just to piss off PETA,0
Who’s here just to rewatch trailer after the game was released,0
"Anyone In 2025<span class=""yt-core-attributed-string--inline-block-mod"" style=""margin-left: 2px; margin-right: 2px;""><img alt=""😂"" class=""ytCoreImageHost yt-core-attributed-string__image-element yt-core-attributed-string__image-element--image-alignment-vertical-center ytCoreImageContentModeScaleToFill ytCoreImageLoaded"" style=""height: 16px; width: 16px;"" src=""./Palworld - Announce Trailer - YouTube_files/emoji_u1f602.png"">",0
Part of me wishes we got this.,0
All those bootleg Pokémon mobile game devs got together and decided to take down Game Freak.With assault rifles.,-1
the wolf Akira slide in the first 15 seconds is NUTS,0
This unironically looks really fun,1
So pokemon are enslaved and force to make weapons.....nature is healing....,-1
"Just what we needed, the Gta x Pokémon collab!",0
I hope they add village building kind of like seen in the trailers. That'd be really fun,2
"This honestly feels more like a parody of pokemon, than a game trying to be like pokemon lol.",2
its interesting that most of these features are not in the game right now. its always interesting to see how much a game can change after a while,0
"I can't WAIT to play this brand new pokemon game!!! The graphics are spectacular, Adding guns in the game is an amazing idea I can't believe no one thought of this before",-1
I'd prefer a more stylized artstyle than the realistic one we got now,0
"""Anyways I started blasting"" - Gary Oak",0
So kinda of like Rune Factory and digimon but with guns?,1
I have never seen a game so accurately recreate what modded Skyrim feels like.,1
I wish I could watch this for the first time again,0
Pokemon Gun looks fuckin' awesome!,1
I wasn't expecting that shield.,0
The changes from this  to the release is  fucking nuts,0
Funny watching this after 2 years knowing this is insanely successful launched,0
"I REALLY want to play this, games have been feeling a bit cookie-cutter recently and I can't wait to try this out",0
I wish it was actually like this,1
Pokemon with automatic rifles and rpg weaponry holy shit,-1
"When I first watched the trailed all the way through I genuinely believed this wasn't a real game. This whole thing gets so tonally weird, I can't wait to see what the story will actually be like.",1
Wish the game was like this,1
Absolutely insane how far this game is going.,0
To think this ended up being one of the best pc games out there,1
I legit jumped out of my seat seeing all the wacky stuff in this trailer. This game is the definition of two-face and I am freakin all in for it.,0
"This is such a clash of tones, who looked at this and thought, ""Yes, yes this is a good idea.""This looks like a YouTube parody of Pokemon from the early 2010s.",3
"It's a multiplayer open-world survival crafting game. With guns.They really wanted to put everything in here, huh?",0
"""Game: Pokemon Sword and Shield""Brilliant, Youtube. Absolutely brilliant.",0
This legitimately looks more interesting than pokemon lmfao,0
"This is what I hoped Pokemon would become when the first 3D games came out on N64.  Gamefreak has consistently disappointed since then, so I'm glad that someone is finally executing on this concept properly!",1
"I don't think I was supposed to laugh so much at this trailer but I am crying, this was amazing.",0
"Haven't felt actual anticipation for a game in years, till now.",0
"Yo my pengullets can not do that <span class=""yt-core-attributed-string--inline-block-mod"" style=""margin-left: 2px; margin-right: 2px;""><img alt=""😭"" class=""ytCoreImageHost yt-core-attributed-string__image-element yt-core-attributed-string__image-element--image-alignment-vertical-center ytCoreImageContentModeScaleToFill ytCoreImageLoaded"" style=""height: 16px; width: 16px;"" src=""./Palworld - Announce Trailer - YouTube_files/emoji_u1f62d.png"">",0
"Just my own perspective you can ignore but, the shooting looks weird, like modding an anime character into gta... if the guns were cartoony/cute and less like an ak-47 i think it would work better aesthetically",2
i didn't realize how much it has changed from this trailer to the actual release,0
"This game: Catching and forcing Pokemon is essentially slavery, let's focus on that.",0
nintendo fans are really out there saying these models from 3 years ago were made with ai,-1
Who’s here in 2025 now seeing the awesomeness Palworld has become??,0
The fact that they've tagged the game as Pokemon Sword and Shield tho...,0
So this is from dev times when game was on Unity rails? Looks really different,0
Definitely interesting. Hopefully there's a console release some time in the future.,0
"This was the version made with Unity. Now that is made within Unreal the game looks completely different :O Btw, there are mechanics and characters no longer present in the current game :(",-1
Crazy to see how far they've come. The execution they had with this game was really something else.,0
This looks like some parody trailer... Like I wouldn't be surprised if this was shown on South Park and the plot is that Nintendo makes an R-rated Pokemon or something...,2
The actual release is really tame compared to this early trailer,0
Bro this game is so damn peaceful bro you can do farming too wtf,0
It’s changed a lot,0
The legend of Pokemon: Pioneers of Gun Town,0
"""YOU were the bad guy all along! We had to make our Pals manufacture guns on a massive scale because YOU kept killing us!""",-1
"I remember watching this 2 years ago, thinking how excited I was and how cool it looked but figured it would never release. Here I am today playing it. 2 YEARS LATER AND IM HERE BOYS",1
"So, who else is seeing this for the first time in 2024??",0
this is one of the funniest things i have seen recently,0
Could you imagine the world looking like this? I'd love it more than I already do.,2
"This looks fucking great, count me in.",1
"Huh, interesting that there’s a blue haired girl on that sea monster, now that the game is out, I wonder if she was scrapped or is kept for a future update",0
Damn i forgot this trailer existed only a few of the mechanics were added,0
Watching this two years later is crazy…,0
"The fucking Akira slide on the wolf had me dying <span class=""yt-core-attributed-string--inline-block-mod"" style=""margin-left: 2px; margin-right: 2px;""><img alt=""😂"" class=""ytCoreImageHost yt-core-attributed-string__image-element yt-core-attributed-string__image-element--image-alignment-vertical-center ytCoreImageContentModeScaleToFill ytCoreImageLoaded"" style=""height: 16px; width: 16px;"" src=""./Palworld - Announce Trailer - YouTube_files/emoji_u1f602.png"">",0
BRO THE SCENE WHEN GRIZZBOLT JUST MAKES A KUNG FU TECHNICHE ON THE ENEMYS I HOPE THEY ADDED THIS,0
I see more contents coming based on the announcement trailer.,0
The crying sheep shield has nearly sold me on this ngl,0
I fucking lost it when I saw the bunnies on the assembly line,0
we all gonna ignore that squirrel pall that was holding a gun aswell??,0
Craftopia 2: We asset-flipped some guns and pokemon this time.,0
poor pengullets 5 pengullet are trapped in a cage,0
"This is a game that I am <span class="""" dir=""auto"" style=""font-weight: 500;"">incredibly",0
The best pokemon gun ever,1
Was playing palworld and remembered I actually watched this trailer before. So glad that the wait is really worth it.,1
well that took a turn,0
how are you guys commenting this 2 years ago and not 2 weeks ago?,0
"I love how this trailer goes from ""Aww, this is awesome!"" to ""..was that a gun?"" and then to ""SLAVE LABOUR???""",1
"""I'm gonna make a Mon game""""Nice. It's gonna be cute and family-friendly, right?""* smiles *""It's gonna be cute and family-friendly, right?""",0
PETA is gonna have a fit seeing this.,0
I hope we somehow get to all the unimplented stuff from this trailer one day,0
"This is like some Pokemon, Spirited Away, Call of Duty, Mabinogi, Final Fantasy, Mario, and Harvest Moon hybrid game. Looks amazing",1
"I am from 2024 <span class=""yt-core-attributed-string--inline-block-mod"" style=""margin-left: 2px; margin-right: 2px;""><img alt=""😂"" class=""ytCoreImageHost yt-core-attributed-string__image-element yt-core-attributed-string__image-element--image-alignment-vertical-center ytCoreImageContentModeScaleToFill ytCoreImageLoaded"" style=""height: 16px; width: 16px;"" src=""./Palworld - Announce Trailer - YouTube_files/emoji_u1f602.png"">",0
It was normal for like the first few seconds but then the guns came out and this became hilarious,1
"When kids turn 10, they get a pokemon and ak47",0
Would love for this stuff to be fully in the game when completed,1
if only building was as good as displayed.,1
"wow, they really exceeded expectations. now its trending<span class=""yt-core-attributed-string--inline-block-mod"" style=""margin-left: 2px; margin-right: 2px;""><img alt=""😁"" class=""ytCoreImageHost yt-core-attributed-string__image-element yt-core-attributed-string__image-element--image-alignment-vertical-center ytCoreImageContentModeScaleToFill ytCoreImageLoaded"" style=""height: 16px; width: 16px;"" src=""./Palworld - Announce Trailer - YouTube_files/emoji_u1f601.png"">",0
FINALLY POKEMON GUN WERE YOU SHOOT THE POKEMON ITS PERFECTION,0
"I remember watching the first palworld trailer in 2021, I might be mistaken but I think the AI boom came about a year later or so, and still very undeveloped, this does not invalid the help of AI later on, but the plans for the game and many pal designs were obviously planned ahead.",-2
the edge on this is so sharp it made 12 year old me cry,0
Anyone still playing?,0
Nice to know nothing eventful happened today where this video would suddenly see some engagement. Nothing at all......Can't think of a good pokemon pun here. Apologies.,2
"Yea the early access does look a lot better, Cool to go back and watch this trailer tho :)",1
War. War never changes.It was the year 20xx on the Kanto region when Team Magma attacked...,0
this trailer is so different from the main game now :D,0
"Alright, let's make a gameLet's just combine everything we think of",0
Se ve una gran mejora con la version actual. Buen trabajo,0
"2 years later, 2024 GOTY im calling it",0
This has got to be the best trailer I’ve ever seen.,1
We really need to tell everyone to show this trailer ASAP,0
Wow the quality really improved,0
can we appreciate how unironically good the score on thsi trailer is??,1
"This is the game I wanted. Why does it look so much different <span class=""yt-core-attributed-string--inline-block-mod"" style=""margin-left: 2px; margin-right: 2px;""><img alt=""😢"" class=""ytCoreImageHost yt-core-attributed-string__image-element yt-core-attributed-string__image-element--image-alignment-vertical-center ytCoreImageContentModeScaleToFill ytCoreImageLoaded"" style=""height: 16px; width: 16px;"" src=""./Palworld - Announce Trailer - YouTube_files/emoji_u1f622.png"">",0
THIS SHIT IS TWO YEARS OLD???,-1
"My first ever pal, and my favorite, is foxsparks, whom I've named Mayhem, and I take him with me everywhere!",1
Thank god they changed so much...,0
hype! thank you for working hard to make this! I like it very much,2
Love how the pals don't clash against the environment in the trailer.  Sadly they stick out like a sore thumb in the release.,2
"Looking back on this trailer, theres a lot. like a LOT different now thats its released.",1
"Having issues catching a pokemon? Palworld fixes that, just shoot it",0
This game sure blew up and exceeded all expectations! Congratulations!!!,0
"this looks dope as hell, but the guns look way too realistic. It really clashes.",0
This is the new world Cyrus was trying to create,0
"GOTY right away, the true reality of pokemon being slaves, guns and housing",0
Pokemon ACTUAL enslavement edition. This whole trailer was a roller coaster lmaooo,0
Pokémon : America,0
this entire thing feels like some crazy-ass fever dream,1
I like how they show the pals enslaved like it's a bad point in the story when in fact you're the one doing it,1
Cant wait to see that shiny ponyta reshiram pal that was near suzaku at the beginning when it comes out,0
"Pocket Pair really went ""Nintendo didn't make Pokemon Gun so we will.""",0
Whoa whoa whoa!! I did not see that coming!,0
Real Talk where's the Girl on The Jormuntide in the Actual Game though,0
I wonder if any of the locations not in the game that show up here will be in it in the future.,0
"Casi nada de eso esta!!<span class=""yt-core-attributed-string--inline-block-mod"" style=""margin-left: 2px; margin-right: 2px;""><img alt=""😭"" class=""ytCoreImageHost yt-core-attributed-string__image-element yt-core-attributed-string__image-element--image-alignment-vertical-center ytCoreImageContentModeScaleToFill ytCoreImageLoaded"" style=""height: 16px; width: 16px;"" src=""./Palworld - Announce Trailer - YouTube_files/emoji_u1f62d.png"">",0
"Who wouldve known this trailer would become the greatest game weve ever seen.... im truly obsessed and addicted to this beautiful game that has so much thought and detail put into it i literally think about it from the time i get off till the time im about ti get back on again and it helps work go by quicker, what a truly fresh breath of air for gaming",0
Can't wait for Palworld nuzlockes,0
what the heck? i wish we got this game!,0
"I sure hope that ""Wooloo"" has Bulletproof.  &gt;.&lt;",0
anyone else here after early launch?,0
Is it bad I think they should have kept with that art style for the land scape,-1
made my day,0
"NOT THE SHEEP SHIELD!!!! <span class=""yt-core-attributed-string--inline-block-mod"" style=""margin-left: 2px; margin-right: 2px;""><img alt=""😂"" class=""ytCoreImageHost yt-core-attributed-string__image-element yt-core-attributed-string__image-element--image-alignment-vertical-center ytCoreImageContentModeScaleToFill ytCoreImageLoaded"" style=""height: 16px; width: 16px;"" src=""./Palworld - Announce Trailer - YouTube_files/emoji_u1f602.png"">",0
"I kinda likd the brighter color approach more.I assume they tried to Genshin impact or Pokemon for that matter.Although the current one looks also good with somewhat ""realistic environment"", I do prefer for those bright anime/cartoonish environment.",1
"Maybe it's a good thing I hadn't seen it before and hadn't heard about this game, because the wait would have been agony.... Now I can't tear myself away from it!",1
Somehow this is like digimon and pokemon mixed together.,1
"Watching this now, for me this old art style is way more appealing",0
The addition of guns makes this really weird. Other than that this looks really good.,1
who knew this would even come out let alone be fun,1
I am so damn confused because this looks like Pokemon meets something like BOTW or Genshin and then suddenly all the characters start fuckin' shooting eachother with assault rifles.This seems amazing tho I want this.,2
PokeGun: Gotta Blast 'em All!,0
did that pacharisu just use a gun,0
Me: wow that's beautifulMe 2 seconds later: DOES THAT SQUIRREL HAVE A GUN!?!?,0
IT FINALLY CAME OUT AND IT'S EVERYTHING I'VE HOPED FOR,0
the game changed so much now its literaly one of my favorite games,1
THIS is what that one Pokémon colosseum trailer was warning us about!,0
its strange that they announce a new game when their last/acutal game craftopia is in early access hell with very slow progression at all. Take it with a grain of salt.,0
"""PETA is typing...""",0
looking back at this is so funny. You delivered exactly what you promised and thats more than quite some AAA Game Company.,0
I personally love my sweatshop and love this game,2
A year later it’s almost year god damn his game look fire and I hope it’s unique and challenging . And actually had a in depth combat system to make the pets more than what’s shown in the trailer .,0
And now we re all hooked,0
"I am so into this, don't screw this up",0
It's unfortunate how so much of these mechanics and interesting aspects of pals and even structures like the giant castle was scrapped.,1
They deleted this trailer from their channel. It's ok if most of what's shown here is not in the game. The game still has way more content that we see here,0
this was absolute madness. I love it and i would buy several copies. just give me,1
"Looks fun. I definitely wanna play this game and see all the weird interactions with each animal.I'm not sure if any monster collection game will ever be able to compete with Pokemon because I think anything that tries to be a better ""pokemon"" game will just be seen as another Pokemon ripoff. In that sense, Game Freak essentially has a monopoly on monster collecting games which is sad because it means Game Freak can have generation 9 with no new Pokemon and instead have 100 new Charizard forms and people would still probably buy it because there's no alternative. And I'm not sure there will <span class="""" dir=""auto"" style=""font-weight: 500;"">ever",-2
"Can’t wait for these additions <span class=""yt-core-attributed-string--inline-block-mod"" style=""margin-left: 2px; margin-right: 2px;""><img alt=""❤"" class=""ytCoreImageHost yt-core-attributed-string__image-element yt-core-attributed-string__image-element--image-alignment-vertical-center ytCoreImageContentModeScaleToFill ytCoreImageLoaded"" style=""height: 16px; width: 16px;"" src=""./Palworld - Announce Trailer - YouTube_files/emoji_u2764.png"">",0
"After the way the world has been this year, I am totally up for a Pokémon cruelty simulator.",0
Wish they kept this artstyle tbh,0
Where are these features?,0
"One of my customers said ""its pokemon with guns""No, it's Arkfactorioofthewild.",0
"If all this content here is not in by the time they finish the ""alpha phase""Then we all gonna be very disappointed.",0
That bass though,0
"Is it just me or most of thing have been shown in this trailer are not in the game <span class=""yt-core-attributed-string--inline-block-mod"" style=""margin-left: 2px; margin-right: 2px;""><img alt=""😅"" class=""ytCoreImageHost yt-core-attributed-string__image-element yt-core-attributed-string__image-element--image-alignment-vertical-center ytCoreImageContentModeScaleToFill ytCoreImageLoaded"" style=""height: 16px; width: 16px;"" src=""./Palworld - Announce Trailer - YouTube_files/emoji_u1f605.png"">",0
"Pokemon and the 2nd Amendment, The Combo we didn't know we needed",0
What a BRUTAL WORLD IS THIS !??,0
Why they changed it. It was way better of what it got right now,0
"As people could expect, this game is an absolute masterpiece.",0
"Well, this went from “Pokémon with guns!” To “damn, this really is just every game with guns combined.”",0
"The Pokémon game I’ve been waiting for <span class=""yt-core-attributed-string--inline-block-mod"" style=""margin-left: 2px; margin-right: 2px;""><img alt=""🔥"" class=""ytCoreImageHost yt-core-attributed-string__image-element yt-core-attributed-string__image-element--image-alignment-vertical-center ytCoreImageContentModeScaleToFill ytCoreImageLoaded"" style=""height: 16px; width: 16px;"" src=""./Palworld - Announce Trailer - YouTube_files/emoji_u1f525.png"">",0
Such a shame we'll never get this game.  Whatever the devs turned it into it is not this.,0
Best laugh I've had all week.,1
Why did we not get this game?,0
Holly Molly it looks so much different,0
Pokemon with guns? I don't think this game will ever catch on. I bet it'll get like 10 players at most,1
THIS TRAILER LOOKS LIKE A 3D SURREAL ANIMATION HALFWAY THROUGH,1
still think the fact they made pals being enslaved one of the main theme ridiculusly funny,0
"In a world, where GTA, Pokemon and Minecraft, i guess idk, come together to create...Palworld. This looks awesome btw i'm really interested to see this game lol.",1
Why does the game in this trailer look better than what we got?,0
Time to defeat the badguys with the power of friendship!. . . and this gun i found!,0
If only half these things were in the final game,0
dude this is awesome i can't wait to give the funny penguins guns,1
This game sure had a glow up,0
Pokemon Rust Expansion looks sick.,0
the game changed so much!,0
Why did that woman chucking the discount wooloo sync up with the music so well,0
what,0
i have 0 fucking idea what i just saw in this trailer but im hyped,0
"2 year later the game is here and has way less options then shown here, were are all those towns in the final game??",0
As soon as I saw the guns I was like.....guys are gonna love this,1
You guys still here ? The game already launch and watching all 2 years back comments is just funny !,0
"Nice geme wait for you<span class=""yt-core-attributed-string--inline-block-mod"" style=""margin-left: 2px; margin-right: 2px;""><img alt=""❤"" class=""ytCoreImageHost yt-core-attributed-string__image-element yt-core-attributed-string__image-element--image-alignment-vertical-center ytCoreImageContentModeScaleToFill ytCoreImageLoaded"" style=""height: 16px; width: 16px;"" src=""./Palworld - Announce Trailer - YouTube_files/emoji_u2764.png"">",1
So glad this didn’t end up as a fake game that never comes out,1
I love how casually it glossed over Not-Pokemon slave labor XD,1
And the game went on to hit unreasonably hard what an absolute banger,0
I have never received such whiplash as I received 50 seconds into the trailer.,0
"First half: <span class="""" dir=""auto"" style=""font-weight: 500;"">shows the beautiful world of pokemon",0
this looks pretty sick ngl,0
"And here we are, somehow it worked out",0
PETA: *sweats nervously,0
So it's Pokemon..with guns. I'm interested!,0
Where’s all the villages and cool castles and stuff?,1
And Now It’s Growing Much Bigger In Every Update Now &gt;;),0
This went from 0 to 100 real quick,0
Everything is way better now including graphics,0
"""Ah this isn't so bad...""<span class="""" dir=""auto"" style=""font-weight: 500;"">Factory slave labor scene",0
"Am I the only one who prefers the art style here over what we got in the final game, I hope this is just for the alpha",0
Casual dynamite fishing in the end sold me,0
"... what a <span class="""" dir=""auto"" style=""font-weight: 500;"">weird",0
"Damn, pal combat seems way better in this trailer. Looks like pals could actually do m1 attacks here",1
Here before it blows up 2024 best game of the year,1
Pokemon Gun looks LIT,0
I love Palworld but hopefully there's an update option I can toggle for the original cartoony environment because I think it looks good,2
Instant wishlist,0
Remember when we all thought this game was gonna be shit and then it turned out to be incredible,0
"This is from when it was still being made in Unity isn’t it? Also, the cow pal has changed so much.",0
Man what happened to half the stuff in the beginning? Where is it at?,0
I need this.N o w.,0
I love hpw popular this game is without millions of views for the trailer,1
well.... that took a turn,0
It’s a shame a lot of the features shown here did not make it into the final product.,0
That's just straight up Lycanroc... also GUUUUUUUN!,0
"Do you think the elevator pitch for this went something like ""Okay, so, stick with me here: 'Pokemon...but with slave labor'.""",1
"Tem tantos pals bonitos, pals grandes, pals fortes....",0
My god I like this art style so much more than what the game looks like now,2
Damn this Pokémon sword &amp; shield dlc going hard,0
You should finish your other Early Access NintendoIP + automation games before announcing more.,0
WHAT DID THE LAMBALL EVER DO TO YOU? :((((,0
who would have thought that this would be the game of the year ( i am straight out guessing its 23/02/24 right now ),0
"Nice to see a video game adaptation of Mark C. Mackinnon's ""Cute And Fuzzy Cockfighting Seizure Monsters"" that he published in 2000",1
"""Everyone is getting tired of the same old Pokemon formula... We need something fresh, something new! So we decided to turn to the internet for our next idea..."" Every 8 year old ever...""I ThInK yOu ShOuLd cOmBiNe FoRtNiTe WiTh PoKeMoN!"" ""You heard the 8 yr olds... Get to work...""",0
"Wait... Did she just use a lightning-mon to fish via electrocution?? <span class=""yt-core-attributed-string--inline-block-mod"" style=""margin-left: 2px; margin-right: 2px;""><img alt=""🤣"" class=""ytCoreImageHost yt-core-attributed-string__image-element yt-core-attributed-string__image-element--image-alignment-vertical-center ytCoreImageContentModeScaleToFill ytCoreImageLoaded"" style=""height: 16px; width: 16px;"" src=""./Palworld - Announce Trailer - YouTube_files/emoji_u1f923.png"">",0
The better version of palworld,0
Is ... is this the FabledPOKEMON GUN!,0
"Now that the game's out, I can't say I expected it to be almost exactly like the trailer.It starts off as a cute (depending on your character) Pokémon game with a lot of base building, that quickly escalates into <span class=""yt-core-attributed-string--italicized"" dir=""auto"" style=""font-weight: 500;"">using a fox as a flamethrower to kill thugs, or even capture the thugs and use them as slaves.",1
I don't know what's happening but I am on board with it,0
"Ngl, this version looks way better",0
"Magical creatures and wapons... cool<span class=""yt-core-attributed-string--inline-block-mod"" style=""margin-left: 2px; margin-right: 2px;""><img alt=""😁"" class=""ytCoreImageHost yt-core-attributed-string__image-element yt-core-attributed-string__image-element--image-alignment-vertical-center ytCoreImageContentModeScaleToFill ytCoreImageLoaded"" style=""height: 16px; width: 16px;"" src=""./Palworld - Announce Trailer - YouTube_files/emoji_u1f601.png"">",1
Pokemon Gun mixed with capitalism at its finest.,0
Wow now look at it being successful 2 years later,0
"Everybody else is talking about how hilarious this trailer is, and I agree, but what I'm most interested in is how boring those designs are. They're all such obvious off-brand pokemon without any of the design flair of actual pokemon.",-1
Hmm supriswd how much has changed,0
Fact: This trailer is made better if you mute it and play the intense part of Sins of The Father from MGS5 over it.,0
I can't wait to 360 no scope pokemon and then do a drive by with my flying types,-1
Imagine only having 400k+ views on your game's trailer and get 19 million players on the 2nd week since release. Take notes Nintendo.,0
"Yo, if we get a FarCry Pokémon Co-op where my Houndoom Burns BoB the Builder Penguins alive with a Sableye providing cover fire with a Mac10 I’m all for this<span class=""yt-core-attributed-string--inline-block-mod"" style=""margin-left: 2px; margin-right: 2px;""><img alt=""😂"" class=""ytCoreImageHost yt-core-attributed-string__image-element yt-core-attributed-string__image-element--image-alignment-vertical-center ytCoreImageContentModeScaleToFill ytCoreImageLoaded"" style=""height: 16px; width: 16px;"" src=""./Palworld - Announce Trailer - YouTube_files/emoji_u1f602.png"">",0
How the hell was this better optimized than Scarlet and Violet?,0
I want to play this game now.,0
"Like if your here in 2024<span class=""yt-core-attributed-string--inline-block-mod"" style=""margin-left: 2px; margin-right: 2px;""><img alt=""😄"" class=""ytCoreImageHost yt-core-attributed-string__image-element yt-core-attributed-string__image-element--image-alignment-vertical-center ytCoreImageContentModeScaleToFill ytCoreImageLoaded"" style=""height: 16px; width: 16px;"" src=""./Palworld - Announce Trailer - YouTube_files/emoji_u1f604.png"">",1
Shame how much of this content was removed from Palworld's EA release.  It doesn't play anything like this trailer,1
Pokemon meets Ark meets PETA...i love it.,1
"Damn the game is cool but so much lie in the trailer <span class=""yt-core-attributed-string--inline-block-mod"" style=""margin-left: 2px; margin-right: 2px;""><img alt=""😆"" class=""ytCoreImageHost yt-core-attributed-string__image-element yt-core-attributed-string__image-element--image-alignment-vertical-center ytCoreImageContentModeScaleToFill ytCoreImageLoaded"" style=""height: 16px; width: 16px;"" src=""./Palworld - Announce Trailer - YouTube_files/emoji_u1f606.png"">",1
How times change !!,0
"<span class=""yt-core-attributed-string--inline-block-mod"" style=""margin-left: 2px; margin-right: 2px;""><img alt=""👇🏻"" class=""ytCoreImageHost yt-core-attributed-string__image-element yt-core-attributed-string__image-element--image-alignment-vertical-center ytCoreImageContentModeScaleToFill ytCoreImageLoaded"" style=""height: 16px; width: 16px;"" src=""./Palworld - Announce Trailer - YouTube_files/emoji_u1f447_1f3fb.png"">",0
3年前!!!?,0
"These players laughing in this comment section 2 years ago now enjoying this game <span class=""yt-core-attributed-string--inline-block-mod"" style=""margin-left: 2px; margin-right: 2px;""><img alt=""😂"" class=""ytCoreImageHost yt-core-attributed-string__image-element yt-core-attributed-string__image-element--image-alignment-vertical-center ytCoreImageContentModeScaleToFill ytCoreImageLoaded"" style=""height: 16px; width: 16px;"" src=""./Palworld - Announce Trailer - YouTube_files/emoji_u1f602.png"">",0
"Say it with me: surprise surprise, SURPRISE SURPRISE <span class=""yt-core-attributed-string--inline-block-mod"" style=""margin-left: 2px; margin-right: 2px;""><img alt=""😂"" class=""ytCoreImageHost yt-core-attributed-string__image-element yt-core-attributed-string__image-element--image-alignment-vertical-center ytCoreImageContentModeScaleToFill ytCoreImageLoaded"" style=""height: 16px; width: 16px;"" src=""./Palworld - Announce Trailer - YouTube_files/emoji_u1f602.png"">",0
They lied to us... The game looks 10000x better and nothing like the trailer,1
"""It's like Pokémon with guns""",1
I love this. It's like a cynical take on Pokemon.,2
this just feels like some kid's elevator pitch that combines Pokemon with COD,1
"My dude, I’m... I’m sorry, I genuinely cannot tell what kind of vibes this trailer (or the Steam game description) is supposed to give off. Here you’ve got Pokémon-esque designs for the monsters (yes I know not all mongames are Pokémon, I am involved in the general mongame community and these designs are very much Pokémon-esque), helping you build houses, make fires, farm land... that’s neat and all, but then GUNS??? FACTORIES??? USING THE MONSTERS AS MEAT SHIELDS AND FOOD AND FACTORY WORKERS??? Like, okay, I could understand more if the creature designs were more realistic-looking, but these are cutesy Pokémon-style designs and they are mixing with the worldbuilding in an utterly bizarre way to the point where I cannot determine what kind of vibes this is meant to give off. Is this a parody? Comedy? Or are we meant to take this edgy worldbuilding with cutesy monsters seriously? I cannot tell.What is going on??EDIT: like okay I finally figured it out—this is giving me the vibes of late-90s anti-Pokémon websites and not in a good way (if that even can be considered “good”).",4
ive never been more excited for a pokemon game,0
To this day I still wished Palworld followed this route of graphics instead of the realistic one,0
lmfao instead of making grizzbolt cover they gave him a minigun XD,0
"Remember back when we thought this must be a scam trailer for a game that will never see the light of day and run off with any money we put in it ? ... Yeah, I know who's laughing now, and damn do they deserve to !",0
Now THIS is a Pokemon game that I would play!,0
Wish it was made on unity instead.,0
"Me: That’s a bit of a mash up of genres there…Pal World: <span class=""yt-core-attributed-string--italicized"" dir=""auto"" style=""font-weight: 400;"">pulls out sweatshop whip",0
"Dang this was lookin good then boom, guns, edgeynesswhat a waste",0
I’m surprised that no one commented that (at least in a cutscene) we can do the Akira motorbike slide. On a pokemon.,-1
"bro this looks way better than the actual game, how did they mess up this bad",-2
this looks like such a fun game,2
This didnt age well,0
"This is the most bootleg thing I have seen in a while, even the character designs are straight up stolen.",0
finalmente saiu a continuação de mundo aberto do aclamado pintópolis,0
"""Like Pokemon with Guns""... and animal cruelty.  Using a crying sheep as a bullet proof shield, drowning an electric type for fishing... and slave labour in a gun factory. I don't know what to think.""Leafon get on my head and use your special attack UZI!!!""",0
Yeahh! This is the true Pokemon game we been waiting for!,0
Im glad the game doesnt look like this. This looks like trash compared to what we got.,3
Wow... Talk about a downgrade... Now the game looks like a fanmade generic Unreal Engine tech demo with lighting that doesn't fit the cartoony models. And apparently a lot of features in this 2 year old trailer aren't even there.,0
And people tell me cyberpunk lied about content. This game is overhyped af. What we got is a bad ark clone without dinos.,-2
This is literally just LibRight Pokemon.,0
"Yup, this is pokemon gun.Also as an American I can confirm this is located in America.",0
This is the best flaunting of dark humor I have seen in awhile. Lol. Also I’m playing it.,1
what genre is this,0
quando sai?,0
"""Game: Pokemon Sword and Shield"" Thanks youtube, looks like they finally embraced GUN",1
元々はレヴィドラとゴクエンオ配合するとアグニドラができる予定だったのか…,0
This is actually fucking awesome,1
Woah! So Pokémon Gun really exits!!!!,0
"Ahh, nature is beautiful",0
youtube algorithm never fails,0
So this is Pokémon gun that everyone is talking about,0
IM CRYING THE GUN SWEAT SHOP NOOOOOOO,0
i need this,0
Isso foi de 0 a 100 muito rápido,0
I WOULD TOTALLY PLAY THIS LMAO,0
i need this,0
I want this.,0
Any one fine the waggon the direhowls were pulling?,0
Bro holy shit this looks fun.,0
THIS IS POKEMON GUN！！！,0
the poor wooloo,0
im buying this game as soon as i can,0
This game will change everything,0
讚啦,0
"""A pokemon clone ? Whateve..""GUN",-1
"Well, this is... amusing. lol",0
"Welcome to Palworld here you can explore the area to encounter and tame Pals where you then can:     - Go for a scenic ride     - Camp out with you new best friends     - Build  a cozy home and set up a farm     - Slaughter your enemies, riddle them full of bullets and lick the tears off their charred corpses as you pillage the lands     - Go fishing",1
"Real talk, how much green are you on to even turn this concept into a breathing game and can I have some",0
I really want to play this game.,0
"I unironically want this game, it actually looks like a Pokémon killer",1
I’ll take your entire stock,0
Oye porque la tortuga no hira invertida en la versión final,-1
I want this game so bad,-1
I'm going to buy this.Edit: 2022 :(,0
&gt;uses a sheep as a bullet shield&gt;sheep starts crying Well I’m sold,0
"this essentially pokemon with guns, this is awesome, i hope it ends up being good",2
Um what... I wasn't expecting that.,0
This game has got to be the younger brother of Rimworld,0
I'm interested lmao. I don't understand what's the gameplay loop here but is we'll see I suppose.,-1
Is palworld on mobile,-1
i instantly liked this when I saw a fucking tower get shot by a ROCKET LAUNCHER OF ALL THINGS?!,0
=)))) roller coaster of emotions,0
"Ah yes, Pokemon: War Crimes",1
Pokémon Gun…. Finally I’ve found you…..,0
Kid: Mom! I want the new pokemon! Mom: WE HAVE POKEMON AT HOME,0
This trailer is more hype than a pokemon game.,1
They pulled out the guns and my brain turned into sand. -__-,0
"that went from ""kinda reminds me of zoo tycoon"" to ...not that! real quick",0
"Although ""Pokemon: Gun"" is accurate, I feel like ""Pokemon Far Cry"" is a little more precise",1
"PETA, is that you?",0
I kind of like this game’s ideas in making the monsters more interwoven into the world.,1
"Finally... we have pokemon <span class="""" dir=""auto"" style=""font-weight: 500;"">G",0
"Honey, wake up! Genshin Impact and Pokemon had a kid together... i think?",0
ah yes ive always wanted to use a sheep to block bullets,1
God I want this to be good.,1
I  have a friend with this wolfdog that looks similar to those husky-looking things =D,0
"Olay but update to the most grossing game atm<span class=""yt-core-attributed-string--inline-block-mod"" style=""margin-left: 2px; margin-right: 2px;""><img alt=""🎉"" class=""ytCoreImageHost yt-core-attributed-string__image-element yt-core-attributed-string__image-element--image-alignment-vertical-center ytCoreImageContentModeScaleToFill ytCoreImageLoaded"" style=""height: 16px; width: 16px;"" src=""./Palworld - Announce Trailer - YouTube_files/emoji_u1f389.png"">",0
WHY ARE THERE GUNS HAHDNSKDKALNDSLDYOU ARE USING THE SHEEP AS A SHIELD??!!YoU ENSLAVE THEM?DUDE NOOOO,0
I love it.,1
When does this come out and does it on pc,0
When does it release?,0
"""like pokemon with guns""",0
that armor would be amazing to have in game! We need modders on this stat!,0
"""Oh, just a Pokemon knockoff- wait, this looks unique-WAIT WHAT THE HELL?"" Everyone- circa, 2021.",0
